ResidueIndex,Residue,Importance,Predicted
1,M,0.25058657,-2.5148651599884033
2,N,0.30305466,-2.5148651599884033
3,Q,0.27322736,-2.5148651599884033
4,K,0.2536042,-2.5148651599884033
5,A,0.28621912,-2.5148651599884033
6,V,0.3381304,-2.5148651599884033
7,I,0.1992829,-2.5148651599884033
8,L,0.36305755,-2.5148651599884033
9,D,0.3630089,-2.5148651599884033
10,E,0.48990965,-2.5148651599884033
11,Q,0.22802575,-2.5148651599884033
12,A,0.22183414,-2.5148651599884033
13,I,0.107693665,-2.5148651599884033
14,R,0.46467757,-2.5148651599884033
15,R,0.500265,-2.5148651599884033
16,A,0.2917501,-2.5148651599884033
17,L,0.28931057,-2.5148651599884033
18,T,0.31050903,-2.5148651599884033
19,R,0.7834966,-2.5148651599884033
20,I,0.48131913,-2.5148651599884033
21,A,0.5939366,-2.5148651599884033
22,H,0.9999981,-2.5148651599884033
23,E,0.7420626,-2.5148651599884033
24,M,0.50032663,-2.5148651599884033
25,I,0.28094125,-2.5148651599884033
26,E,0.50054693,-2.5148651599884033
27,R,0.5559901,-2.5148651599884033
28,N,0.28952426,-2.5148651599884033
29,K,0.17639339,-2.5148651599884033
30,G,0.18382625,-2.5148651599884033
31,M,0.22588404,-2.5148651599884033
32,N,0.19211562,-2.5148651599884033
33,N,0.26939502,-2.5148651599884033
34,C,0.5243937,-2.5148651599884033
35,I,0.17414579,-2.5148651599884033
36,L,0.259553,-2.5148651599884033
37,V,0.28253818,-2.5148651599884033
38,G,0.2492843,-2.5148651599884033
39,I,0.18302698,-2.5148651599884033
40,K,0.28817767,-2.5148651599884033
41,T,0.18673727,-2.5148651599884033
42,R,0.4582037,-2.5148651599884033
43,G,0.25865892,-2.5148651599884033
44,I,0.1711593,-2.5148651599884033
45,Y,0.27201736,-2.5148651599884033
46,L,0.3373946,-2.5148651599884033
47,A,0.38724256,-2.5148651599884033
48,K,0.34129927,-2.5148651599884033
49,R,0.5383505,-2.5148651599884033
50,L,0.26914787,-2.5148651599884033
51,A,0.28649136,-2.5148651599884033
52,E,0.53519523,-2.5148651599884033
53,R,0.5875455,-2.5148651599884033
54,I,0.24871342,-2.5148651599884033
55,E,0.5249352,-2.5148651599884033
56,Q,0.3131771,-2.5148651599884033
57,I,0.24455401,-2.5148651599884033
58,E,0.5933818,-2.5148651599884033
59,G,0.41349235,-2.5148651599884033
60,N,0.3705611,-2.5148651599884033
61,P,0.38265905,-2.5148651599884033
62,V,0.25681114,-2.5148651599884033
63,T,0.16360503,-2.5148651599884033
64,V,0.20877704,-2.5148651599884033
65,G,0.23955436,-2.5148651599884033
66,E,0.36445913,-2.5148651599884033
67,I,0.09984564,-2.5148651599884033
68,D,0.14432083,-2.5148651599884033
69,I,0.12620945,-2.5148651599884033
70,T,0.20790301,-2.5148651599884033
71,L,0.24900617,-2.5148651599884033
72,Y,0.24852908,-2.5148651599884033
73,R,0.4246771,-2.5148651599884033
74,D,0.09878575,-2.5148651599884033
75,D,0.14570218,-2.5148651599884033
76,L,0.14514223,-2.5148651599884033
77,S,0.5091901,-2.5148651599884033
78,K,0.20464724,-2.5148651599884033
79,K,0.18675542,-2.5148651599884033
80,T,0.20767228,-2.5148651599884033
81,S,0.4907824,-2.5148651599884033
82,N,0.31676626,-2.5148651599884033
83,D,0.27770904,-2.5148651599884033
84,E,0.5859879,-2.5148651599884033
85,P,0.42205703,-2.5148651599884033
86,L,0.38457537,-2.5148651599884033
87,V,0.32703638,-2.5148651599884033
88,K,0.22307828,-2.5148651599884033
89,G,0.23722218,-2.5148651599884033
90,A,0.25266546,-2.5148651599884033
91,D,0.18177508,-2.5148651599884033
92,I,0.10982707,-2.5148651599884033
93,P,0.25221157,-2.5148651599884033
94,V,0.21739869,-2.5148651599884033
95,D,0.19265535,-2.5148651599884033
96,I,0.15730149,-2.5148651599884033
97,T,0.220747,-2.5148651599884033
98,D,0.1208164,-2.5148651599884033
99,Q,0.17165643,-2.5148651599884033
100,K,0.14179239,-2.5148651599884033
101,V,0.20452014,-2.5148651599884033
102,I,0.1096329,-2.5148651599884033
103,L,0.22449483,-2.5148651599884033
104,V,0.2767375,-2.5148651599884033
105,D,0.16860135,-2.5148651599884033
106,D,0.14164679,-2.5148651599884033
107,V,0.25640717,-2.5148651599884033
108,L,0.26840186,-2.5148651599884033
109,Y,0.24124572,-2.5148651599884033
110,T,0.20513354,-2.5148651599884033
111,G,0.24135096,-2.5148651599884033
112,R,0.3899017,-2.5148651599884033
113,T,0.10261223,-2.5148651599884033
114,V,0.16579469,-2.5148651599884033
115,R,0.33886135,-2.5148651599884033
116,A,0.12288599,-2.5148651599884033
117,G,0.06555012,-2.5148651599884033
118,M,0.11096632,-2.5148651599884033
119,D,0.0,-2.5148651599884033
120,A,0.14274783,-2.5148651599884033
121,L,0.22878179,-2.5148651599884033
122,V,0.32795534,-2.5148651599884033
123,D,0.27028123,-2.5148651599884033
124,V,0.37130025,-2.5148651599884033
125,G,0.36202195,-2.5148651599884033
126,R,0.60766166,-2.5148651599884033
127,P,0.43129417,-2.5148651599884033
128,S,0.6188641,-2.5148651599884033
129,S,0.4635869,-2.5148651599884033
130,I,0.10605675,-2.5148651599884033
131,Q,0.12977062,-2.5148651599884033
132,L,0.15653317,-2.5148651599884033
133,A,0.24998382,-2.5148651599884033
134,V,0.34347653,-2.5148651599884033
135,L,0.2994251,-2.5148651599884033
136,V,0.3727464,-2.5148651599884033
137,D,0.2889627,-2.5148651599884033
138,R,0.50073904,-2.5148651599884033
139,G,0.296177,-2.5148651599884033
140,H,0.64902514,-2.5148651599884033
141,R,0.54548013,-2.5148651599884033
142,E,0.539068,-2.5148651599884033
143,L,0.3344409,-2.5148651599884033
144,P,0.42157227,-2.5148651599884033
145,I,0.23998189,-2.5148651599884033
146,R,0.5698233,-2.5148651599884033
147,A,0.35615432,-2.5148651599884033
148,D,0.21507868,-2.5148651599884033
149,Y,0.25976673,-2.5148651599884033
150,I,0.17194152,-2.5148651599884033
151,G,0.27469474,-2.5148651599884033
152,K,0.24018276,-2.5148651599884033
153,N,0.41976142,-2.5148651599884033
154,I,0.21552923,-2.5148651599884033
155,P,0.33215827,-2.5148651599884033
156,T,0.2011371,-2.5148651599884033
157,S,0.45636088,-2.5148651599884033
158,K,0.25062484,-2.5148651599884033
159,S,0.57319146,-2.5148651599884033
160,E,0.48576307,-2.5148651599884033
161,K,0.22454675,-2.5148651599884033
162,V,0.2961036,-2.5148651599884033
163,M,0.26546428,-2.5148651599884033
164,V,0.23807535,-2.5148651599884033
165,Q,0.19711085,-2.5148651599884033
166,L,0.16226935,-2.5148651599884033
167,D,0.03461003,-2.5148651599884033
168,E,0.15495512,-2.5148651599884033
169,V,0.037117712,-2.5148651599884033
170,D,0.06062323,-2.5148651599884033
171,Q,0.08962156,-2.5148651599884033
172,N,0.2545822,-2.5148651599884033
173,D,0.18713456,-2.5148651599884033
174,L,0.13701382,-2.5148651599884033
175,V,0.1567362,-2.5148651599884033
176,A,0.12313072,-2.5148651599884033
177,I,0.0881345,-2.5148651599884033
178,Y,0.14401256,-2.5148651599884033
179,E,0.36906075,-2.5148651599884033
180,N,0.18763052,-2.5148651599884033
181,E,0.33400017,-2.5148651599884033
